<?xml version="1.0" encoding="UTF-8"?>
<portlet-app xmlns="http://java.sun.com/xml/ns/portlet/portlet-app_2_0.xsd" version="2.0" xmlns:xsi="http://www.w3.org/2001/XMLSchema-instance" xsi:schemaLocation="http://java.sun.com/xml/ns/portlet/portlet-app_2_0.xsd http://java.sun.com/xml/ns/portlet/portlet-app_2_0.xsd" id="com.ibm.dn286.DN286Portlet.d1b5671e16">
	<portlet>
		<portlet-name>DN286</portlet-name>
		<display-name>DN286</display-name>
		<display-name xml:lang="en">DN286</display-name>
		<portlet-class>com.ibm.dn286.DN286Portlet</portlet-class>
		<init-param>
			<name>wps.markup</name>
			<value>html</value>
		</init-param>
		<expiration-cache>0</expiration-cache>
		<supports>
			<mime-type>text/html</mime-type>
			<portlet-mode>view</portlet-mode>
		</supports>
		<supported-locale>en</supported-locale>
		<resource-bundle>com.ibm.dn286.nl.DN286PortletResource</resource-bundle>
		<portlet-info>
			<title>DN286</title>
			<short-title>DN286</short-title>
			<keywords>DN286</keywords>
		</portlet-info>
		<supported-publishing-event>
			<qname xmlns:customns="http://DN286.com">
			customns:DN2CN</qname>
		</supported-publishing-event>
	</portlet>
	<portlet>
		<portlet-name>CN286</portlet-name>
		<display-name>CN286</display-name>
		<display-name xml:lang="en">CN286</display-name>
		<portlet-class>com.ibm.dn286.CN286Portlet</portlet-class>
		<init-param>
			<name>wps.markup</name>
			<value>html</value>
		</init-param>
		<expiration-cache>0</expiration-cache>
		<supports>
			<mime-type>text/html</mime-type>
			<portlet-mode>view</portlet-mode>
		</supports>
		<supported-locale>en</supported-locale>
		<resource-bundle>com.ibm.dn286.nl.CN286PortletResource</resource-bundle>
		<portlet-info>
			<title>CN286</title>
			<short-title>CN286</short-title>
			<keywords>CN286</keywords>
		</portlet-info>
		<supported-processing-event>
			<qname xmlns:customns="http://DN286.com">
			customns:DN2CN</qname>
		</supported-processing-event>
		<supported-publishing-event>
			<qname xmlns:customns="http://CN286.com">
			customns:CN2ON</qname>
		</supported-publishing-event>
	</portlet>
	<portlet>
		<portlet-name>ON286</portlet-name>
		<display-name>ON286</display-name>
		<display-name xml:lang="en">ON286</display-name>
		<portlet-class>com.ibm.dn286.ON286Portlet</portlet-class>
		<init-param>
			<name>wps.markup</name>
			<value>html</value>
		</init-param>
		<expiration-cache>0</expiration-cache>
		<supports>
			<mime-type>text/html</mime-type>
			<portlet-mode>view</portlet-mode>
		</supports>
		<supported-locale>en</supported-locale>
		<resource-bundle>com.ibm.dn286.nl.ON286PortletResource</resource-bundle>
		<portlet-info>
			<title>ON286</title>
			<short-title>ON286</short-title>
			<keywords>ON286</keywords>
		</portlet-info>
		<supported-processing-event>
			<qname xmlns:customns="http://CN286.com">
			customns:CN2ON</qname>
		</supported-processing-event>
	</portlet>
	<default-namespace>http://DN286/</default-namespace>
	<event-definition>
		<qname xmlns:customns="http://DN286.com">
		customns:DN2CN</qname>
	</event-definition>
	<event-definition>
		<qname xmlns:customns="http://CN286.com">
		customns:CN2ON</qname>
	</event-definition>
</portlet-app>
