<?xml version="1.0" encoding="UTF-8"?>
<portlet-app xmlns="http://java.sun.com/xml/ns/portlet/portlet-app_2_0.xsd" version="2.0" xmlns:xsi="http://www.w3.org/2001/XMLSchema-instance" xsi:schemaLocation="http://java.sun.com/xml/ns/portlet/portlet-app_2_0.xsd http://java.sun.com/xml/ns/portlet/portlet-app_2_0.xsd" id="com.ibm.publicrenderparameter1.PublicRenderParameter1Portlet.66677eef16">
	<portlet>
		<portlet-name>PublicRenderParameter1</portlet-name>
		<display-name>PublicRenderParameter1</display-name>
		<display-name xml:lang="en">PublicRenderParameter1</display-name>
		<portlet-class>com.ibm.publicrenderparameter1.PublicRenderParameter1Portlet</portlet-class>
		<init-param>
			<name>wps.markup</name>
			<value>html</value>
		</init-param>
		<expiration-cache>0</expiration-cache>
		<supports>
			<mime-type>text/html</mime-type>
			<portlet-mode>view</portlet-mode>
		</supports>
		<supported-locale>en</supported-locale>
		<resource-bundle>com.ibm.publicrenderparameter1.nl.PublicRenderParameter1PortletResource</resource-bundle>
		<portlet-info>
			<title>PublicRenderParameter1</title>
			<short-title>PublicRenderParameter1</short-title>
			<keywords>PublicRenderParameter1</keywords>
		</portlet-info>
		<supported-public-render-parameter>
             CityParamIdentifier
        </supported-public-render-parameter>
        <supported-public-render-parameter>
             KPVal
        </supported-public-render-parameter>
	</portlet>
	<default-namespace>http://PublicRenderParameter1/</default-namespace>
	<public-render-parameter>
		<identifier>CityParamIdentifier</identifier>
		<name>CityParamName</name>
	</public-render-parameter>
	<public-render-parameter>
		<identifier>KPVal</identifier>
		<name>KPValue</name>
	</public-render-parameter>
</portlet-app>
