<?xml version="1.0" encoding="UTF-8"?>
<application id="Application_ID" version="6" xmlns="http://java.sun.com/xml/ns/javaee" xmlns:xsi="http://www.w3.org/2001/XMLSchema-instance" xsi:schemaLocation="http://java.sun.com/xml/ns/javaee http://java.sun.com/xml/ns/javaee/application_6.xsd">
 <display-name>PublicRenderParameter2EAR</display-name>
 <module id="Module_1520408197962">
 	<web>
 		<web-uri>PublicRenderParameter2.war</web-uri>
 		<context-root>.PublicRenderParameter2</context-root>
 	</web>
 </module> 
 </application> 