<?xml version="1.0" encoding="UTF-8"?>
<portlet-app xmlns="http://java.sun.com/xml/ns/portlet/portlet-app_2_0.xsd" version="2.0" xmlns:xsi="http://www.w3.org/2001/XMLSchema-instance" xsi:schemaLocation="http://java.sun.com/xml/ns/portlet/portlet-app_2_0.xsd http://java.sun.com/xml/ns/portlet/portlet-app_2_0.xsd" id="com.ibm.publicrenderparameter2.PublicRenderParameter2Portlet.a1df36ff16">
	<portlet>
		<portlet-name>PublicRenderParameter2</portlet-name>
		<display-name>PublicRenderParameter2</display-name>
		<display-name xml:lang="en">PublicRenderParameter2</display-name>
		<portlet-class>com.ibm.publicrenderparameter2.PublicRenderParameter2Portlet</portlet-class>
		<init-param>
			<name>wps.markup</name>
			<value>html</value>
		</init-param>
		<expiration-cache>0</expiration-cache>
		<supports>
			<mime-type>text/html</mime-type>
			<portlet-mode>view</portlet-mode>
		</supports>
		<supported-locale>en</supported-locale>
		<resource-bundle>com.ibm.publicrenderparameter2.nl.PublicRenderParameter2PortletResource</resource-bundle>
		<portlet-info>
			<title>PublicRenderParameter2</title>
			<short-title>PublicRenderParameter2</short-title>
			<keywords>PublicRenderParameter2</keywords>
		</portlet-info>
		<supported-public-render-parameter>
             CityParamIdentifier
        </supported-public-render-parameter>
	</portlet>
	<default-namespace>http://PublicRenderParameter2/</default-namespace>
	<public-render-parameter>
		<identifier>CityParamIdentifier</identifier>
		<qname xmlns:customns="http://PublicRenderParameter1/">customns:CityParamName</qname>
	</public-render-parameter>
</portlet-app>
