<?xml version="1.0" encoding="UTF-8"?>
<application id="Application_ID" version="6" xmlns="http://java.sun.com/xml/ns/javaee" xmlns:xsi="http://www.w3.org/2001/XMLSchema-instance" xsi:schemaLocation="http://java.sun.com/xml/ns/javaee http://java.sun.com/xml/ns/javaee/application_6.xsd">
 <display-name>PublicRenderParameter1EAR</display-name>
 <module id="Module_1520400036649">
 	<web>
 		<web-uri>PublicRenderParameter1.war</web-uri>
 		<context-root>.PublicRenderParameter1</context-root>
 	</web>
 </module> 
 </application> 